sampleId,boundingBoxes/0/label,boundingBoxes/0/x,boundingBoxes/0/y,boundingBoxes/0/w,boundingBoxes/0/h
1466084567,2,11,5,20,26
1466084566,2,11,6,20,26
1466084565,2,12,6,20,27
1466084564,2,12,5,21,27
1466084563,2,13,5,21,28
1466084562,2,13,5,21,28
1466084561,2,13,5,21,28
1466084560,2,14,6,22,27
1466084559,2,14,6,22,27
1466084558,2,14,6,22,27
1466084557,2,14,6,22,27
1466084556,2,14,5,22,27
1466084555,2,13,5,22,27
1466084554,2,13,5,22,27
1466084553,2,14,7,21,27
1466084552,2,14,7,21,26
1466084551,2,14,7,21,26
1466084550,2,14,7,20,26
1466084549,2,14,7,20,26
1466084548,2,14,7,20,26
1466084547,2,14,7,21,27
1466084546,2,14,6,21,27
1466084545,2,14,6,21,27
1466084544,2,14,7,21,27
1466084543,2,14,7,21,27
1466084542,2,14,7,21,27
1466084541,2,14,7,21,27
1466084540,2,14,7,21,27
1466084539,2,14,6,20,26
1466084538,2,14,6,20,26
1466084537,2,14,6,21,27
1466084536,2,14,6,21,27
1466084535,2,14,6,21,27
1466084534,2,14,6,21,27
1466084533,2,17,10,21,27
1466084532,2,14,6,20,27
1466084531,2,17,11,22,27
1466084530,2,13,6,22,27
1466084529,2,17,11,21,26
1466084528,2,16,10,21,26
1466084527,2,16,9,21,26
1466084526,2,16,10,21,26
1466084525,2,16,10,21,26
1466084524,2,17,11,21,26
1466084523,2,18,11,21,26
1466084522,2,17,11,21,26
1466084521,2,17,11,21,26
1466084520,2,16,11,21,26
1466084519,2,17,10,21,26
1466084518,2,17,10,21,26
1466084517,2,17,11,21,26
1466084516,2,17,11,21,26
1466084515,2,15,9,21,26
1466084514,2,17,11,21,26
1466084513,2,16,10,21,26
1466084512,2,16,10,21,26
1466084511,2,15,9,21,27
1466084510,2,17,10,21,27
1466084509,2,15,9,22,27
1466084508,2,15,9,22,27
1466084507,2,15,9,22,28
1466084506,2,15,8,22,28
1466084505,2,14,9,21,29
1466084504,2,13,8,22,29
1466084503,2,12,8,21,28
1466084502,2,5,2,22,30
1466084501,2,13,0,24,31
1466084500,2,6,2,22,29
1466084499,2,12,4,22,29
1466084498,2,12,2,22,31
1466084497,2,14,0,23,32
1466084496,2,12,0,24,32
1466084495,2,12,0,24,30
1466084494,2,13,0,23,30
1466084493,2,13,0,24,34
1466084492,2,13,0,23,33
1466084491,2,12,0,23,32
1466084489,2,12,1,23,33
1466084488,2,12,0,24,34
1466084487,2,12,0,23,34
1466084486,2,12,0,23,34
1466084485,2,12,0,23,34
1466084484,2,12,0,23,34
1466084483,2,12,0,24,33
1466084482,2,12,0,23,31
1466084481,2,12,0,24,32
1466084480,2,12,0,24,32
1466084479,2,12,0,25,32
1466084478,2,13,0,23,32
1466084477,2,12,0,23,32
1466084476,2,12,0,23,32
1466084475,2,11,0,24,33
1466084474,2,11,0,25,31
1466084473,2,13,0,25,30
1466084472,2,12,0,26,31
1466084471,2,11,0,25,30
1466084470,2,10,0,25,32
1466084469,2,10,0,25,32
1466084468,2,12,0,25,32
1466084467,2,13,0,24,32
1466084466,2,10,5,24,34
1466084465,2,10,5,24,34
1466084464,2,13,0,24,35
1466084463,2,8,7,23,33
1466084462,2,8,7,23,34
1466084461,2,8,7,23,34
1466084460,2,8,8,22,33
1466084459,2,8,7,22,33
1466084458,2,8,7,23,33
1466084457,2,8,8,23,32
1466084456,2,5,7,27,34
1466084455,2,7,8,27,34
1466084454,2,6,8,27,34
1466084453,2,8,10,26,33
1466084452,2,8,8,26,33
1466084451,2,7,8,26,32
1466084450,2,10,11,25,31
1466084449,2,11,11,25,31
1466084448,2,10,11,26,32
1466084447,2,10,11,26,32
1466084446,2,10,11,26,32
1466084445,2,10,11,26,32
1466084444,2,10,11,26,32
1466084443,2,11,12,25,31
1466084442,2,12,12,25,31
1466084441,2,12,12,25,31
1466084440,2,13,12,25,31
1466084438,2,12,12,25,31
1466084437,2,13,13,25,31
1466084436,2,12,12,25,31
1466084435,2,12,12,25,31
1466084434,2,14,13,25,31
1466084433,2,12,5,21,27
1466084432,2,12,6,21,27
1466084431,2,12,6,21,27
1466084430,2,12,5,21,27
1466084429,2,13,6,21,27
1466084428,2,13,6,21,27
1466084427,2,13,6,21,27
1466084426,2,13,5,21,27
1466084425,2,13,6,21,27
1466084424,2,13,6,21,27
1466084423,2,13,6,21,27
1466084422,2,13,6,21,27
1466084421,2,13,6,21,27
1466084420,2,13,6,21,27
1466084419,2,13,6,21,27
1466084418,2,13,6,21,27
1466084417,2,13,6,21,27
1466084416,2,12,6,20,28
1466084415,2,12,6,20,28
1466084414,2,12,6,20,28
1466084413,2,13,6,20,28
1466084412,2,13,6,20,28
1466084411,2,14,6,21,28
1466084410,2,15,6,21,27
1466084409,2,15,6,20,27
1466084408,2,18,6,21,27
1466084407,2,18,6,21,27
1466084406,2,18,5,21,28
1466084405,2,18,8,21,27
1466084404,2,17,6,21,28
1466084403,2,17,10,20,27
1466084402,2,17,9,20,27
1466084401,2,17,7,21,28
1466084400,2,17,7,21,28
1466084399,2,17,7,21,28
1466084398,2,18,7,20,26
1466084397,2,20,9,20,25
1466084396,2,18,8,20,26
1466084395,2,18,8,21,26
1466084394,2,16,9,21,27
1466084393,2,18,8,22,27
1466084392,2,18,7,22,27
1466084391,2,18,7,22,27
1466084390,2,17,7,22,27
1466084389,2,17,9,19,25
1466084388,2,18,7,21,27
1466084387,2,18,9,19,25
1466084386,2,19,9,21,26
1466084385,1,7,4,29,40
1466084384,1,9,2,30,41
1466084383,1,7,5,29,41
1466084382,1,8,2,31,41
1466084381,1,6,5,33,42
1466084380,1,6,4,33,43
1466084379,1,6,5,32,42
1466084378,1,6,5,32,42
1466084377,1,7,4,33,43
1466084376,1,7,4,33,43
1466084375,1,8,5,32,42
1466084374,1,7,4,33,43
1466084372,1,9,4,32,42
1466084371,1,9,5,31,42
1466084370,1,9,5,31,42
1466084369,1,8,4,32,42
1466084368,1,9,4,31,42
1466084367,1,8,4,32,42
1466084365,1,8,4,31,42
1466084364,1,9,4,30,40
1466084363,1,10,5,29,39
1466084362,1,8,4,31,41
1466084361,1,8,3,31,41
1466084360,1,9,4,30,40
1466084359,1,9,3,30,40
1466084358,1,9,4,30,40
1466084357,1,9,3,30,40
1466084356,1,9,3,30,40
1466084355,1,10,3,29,39
1466084354,1,10,4,29,38
1466084353,1,10,4,29,38
1466084352,1,10,4,28,38
1466084351,1,7,3,28,38
1466084350,1,7,3,28,38
1466084349,1,7,4,27,37
1466084348,1,7,4,28,38
1466084347,1,8,4,27,37
1466084346,1,7,5,27,38
1466084345,1,8,4,28,39
1466084344,1,8,4,28,40
1466084343,1,8,4,28,40
1466084342,1,8,4,28,40
1466084341,1,8,4,28,40
1466084340,1,9,3,28,38
1466084339,1,9,4,28,38
1466084338,1,9,4,28,38
1466084337,1,9,3,28,38
1466084336,1,9,2,29,39
1466084335,1,9,3,28,38
1466084334,1,9,3,28,38
1466084333,1,10,3,28,38
1466084332,1,11,3,27,35
1466084331,1,10,3,27,35
1466084330,1,12,3,26,34
1466084329,1,12,2,26,35
1466084328,1,12,3,26,35
1466084327,1,12,3,26,36
1466084326,1,12,3,26,36
1466084325,1,11,2,27,37
1466084323,1,13,3,26,37
1466084322,1,9,4,27,38
1466084321,1,8,3,28,40
1466084320,1,8,3,26,38
1466084319,1,8,3,26,38
1466084318,1,8,3,26,38
1466084317,1,8,4,26,38
1466084316,1,8,3,26,38
1466084315,1,9,6,26,39
1466084314,1,8,2,28,41
1466084313,1,7,3,28,40
1466084312,1,10,6,28,39
1466084311,1,7,0,32,40
1466084310,1,8,6,28,38
1466084309,1,6,3,29,39
1466084308,1,9,0,33,40
1466084307,1,9,0,32,40
1466084305,1,8,0,31,39
1466084304,1,7,4,29,38
1466084303,1,7,4,30,39
1466084302,1,9,0,30,38
1466084301,1,8,5,29,37
1466084300,1,7,4,30,36
1466084299,1,9,6,31,36
1466084298,1,9,6,31,36
1466084297,1,9,6,31,36
1466084296,1,9,7,31,36
1466084293,1,8,6,31,37
1466084292,1,8,6,31,37
1466084291,1,8,0,32,38
1466084290,1,8,1,32,38
1466084289,1,8,0,32,40
1466084288,1,8,0,32,40
1466084287,1,9,0,32,40
1466084286,1,7,2,32,40
1466084285,1,9,2,33,40
1466084284,1,8,0,32,39
1466084283,1,7,0,31,38
1466084282,1,7,1,31,39
1466084281,1,10,3,30,37
1466084279,1,9,1,31,39
1466084278,1,7,2,31,38
1466084277,1,9,1,31,38
1466084276,1,10,2,31,39
1466084275,1,10,2,31,38
1466084274,1,10,2,31,38
1466084273,1,8,2,30,37
1466084272,1,10,3,30,38
1466084271,1,10,3,30,38
1466084270,1,10,2,30,38
1466084269,1,11,4,29,38
1466084268,1,10,2,30,40
1466084267,1,10,2,30,40
1466084266,1,11,0,30,40
1466084265,1,10,0,30,41
1466084263,1,11,1,30,41
1466084262,1,11,0,30,41
1466084261,1,11,0,30,41
1466084260,1,9,2,29,39
1466084259,1,9,2,29,38
1466084258,1,9,3,28,38
1466084257,1,9,3,28,38
1466084256,1,9,4,27,36
1466084255,1,9,2,28,38
1466084254,1,9,4,27,35
1466084253,1,10,5,26,34
1466084252,1,10,4,26,34
1466084251,1,11,5,25,33
1466084250,1,9,5,26,34
1466084249,1,10,4,26,34
1466084248,1,9,4,26,34
1466084247,1,10,4,25,33
1466084246,1,9,4,26,34
1466084245,1,10,4,26,34
1466084244,1,10,4,26,34
1466084243,1,10,6,23,31
1466084242,1,9,6,24,32
1466084241,1,11,5,24,32
1466084240,1,10,6,24,33
1466084238,1,9,6,24,33
1466084237,1,11,6,23,32
1466084236,1,11,6,24,33
1466084235,1,12,6,24,33
1466084234,1,12,6,24,33
1466084233,1,11,5,25,35
1466084232,1,11,5,26,36
1466084231,1,11,5,25,35
1466084230,1,11,5,25,35
1466084229,1,11,5,25,35
1466084228,1,12,6,25,34
1466084227,1,11,5,25,34
1466084226,1,12,6,25,34
1466084225,1,12,6,25,34
1466084224,1,10,4,27,36
1466084223,1,11,6,26,34
1466084222,1,11,4,29,37
1466084221,1,11,5,30,38
1466084220,1,11,5,29,37
1466084219,1,11,6,28,36
1466084218,1,11,5,29,37
1466084217,1,10,5,29,37
1466084216,1,10,4,30,38
1466084215,1,11,4,30,38
1466084214,1,11,4,28,37
1466084213,1,11,3,27,35
1466084212,1,11,5,28,34
1466084211,1,11,4,27,34
1466084210,1,11,6,27,34
1466084209,1,12,6,27,34
1466084207,1,14,5,24,32
1466084206,1,14,5,24,32
1466084205,1,12,5,24,33
1466084204,1,12,4,25,35
1466084203,1,12,4,25,35
1466084202,1,12,4,25,29
1466084201,1,13,5,24,28
1466084200,1,13,5,24,28
1466084199,1,11,5,24,29
1466084198,1,11,5,24,29
1466084197,1,11,6,24,28
1466084196,1,9,6,24,28
1466084195,1,10,4,26,29
1466084194,1,10,4,26,29
1466084193,1,8,4,27,36
1466084192,1,9,4,27,35
1466084191,1,12,5,26,34
1466084190,1,9,5,27,35
1466084189,1,8,2,27,34
1466084187,1,8,2,27,34
1466084186,1,8,2,27,34
1466084185,1,7,2,27,34
1466084184,1,6,3,27,34
1466084183,1,7,3,27,34
1466084182,1,7,2,28,35
1466084181,1,7,3,27,34
1466084180,1,7,3,27,34
1466084179,1,8,4,25,32
1466084178,1,8,4,26,33
1466084177,1,8,4,25,32
1466084176,1,7,3,27,34
1466084175,1,8,5,24,33
1466084174,1,8,4,26,35
1466084173,1,7,4,26,36
1466084172,1,11,5,26,35
1466084171,1,8,3,26,35
1466084170,1,13,4,24,31
1466084169,1,14,5,24,30
1466084168,1,12,4,25,32
1466084167,1,12,7,25,32
1466084166,1,11,7,25,30
1466084165,1,12,6,29,31
1466084164,1,12,7,28,31
1466084163,1,12,8,27,30
1466084162,1,12,8,27,29
1466084161,1,12,8,26,28
1466084160,1,11,7,26,28
1466084159,1,11,8,26,28
1466084158,1,13,8,25,27
1466084157,1,11,9,25,27
1466084156,1,11,8,25,27
1466084155,1,10,7,27,28
1466084154,1,10,7,27,28
1466084153,1,10,7,27,28
1466084152,1,10,7,25,28
1466084151,1,13,8,23,26
1466084150,1,12,7,24,27
1466084149,1,13,6,24,27
1466084147,1,13,8,24,27
1466084146,1,12,7,24,27
1466084145,1,12,7,24,27
1466084144,1,13,7,24,26
1466084143,1,11,7,24,27
1466084142,1,11,8,23,26
1466084141,1,10,9,24,27
1466084140,1,10,8,24,27
1466084139,1,10,8,24,28
1466084138,1,10,7,24,27
1466084137,1,11,6,23,26
1466084136,1,12,7,23,31
1466084135,1,11,7,23,31
1466084134,1,12,7,24,32
1466084133,1,12,7,23,30
1466084132,1,11,6,24,32
1466084131,1,11,7,24,32
1466084130,1,11,7,23,30
1466084129,1,10,6,24,31
1466084128,1,10,5,24,32
1466084127,1,10,3,24,32
1466084126,1,10,7,23,30
1466084125,1,9,4,24,32
1466084124,1,10,4,26,36
1466084123,1,9,4,26,37
1466084122,1,10,4,26,36
1466084121,1,10,4,25,35
1466084120,1,10,4,24,34
1466084118,1,10,5,23,32
1466084117,1,14,5,19,26
1466084116,1,13,6,20,26
1466084115,1,13,6,19,25
1466084114,1,13,6,20,26
1466084113,1,14,6,19,24
1466084112,1,13,5,20,26
1466084110,1,12,4,21,27
1466084109,1,12,5,21,27
1466084108,1,12,5,21,27
1466084107,1,12,5,21,28
1466084106,1,12,5,21,28
1466084105,1,12,5,21,28
1466084104,1,11,5,21,28
1466084103,1,12,5,22,28
1466084102,1,11,5,22,29
1466084101,1,11,6,22,29
1466084100,1,11,5,24,29
1466084099,1,13,7,23,28
1466084098,1,13,7,22,27
1466084097,1,13,6,22,27
1466084096,1,13,6,22,28
1466084095,1,13,7,22,28
1466084094,1,13,6,22,28
1466084093,1,14,6,22,29
1466084092,1,13,6,22,29
1466084091,1,14,6,22,29
1466084090,1,14,6,23,30
1466084089,1,13,6,23,30
1466084088,1,12,4,23,30
1466084087,1,13,6,23,30
1466084086,1,12,3,24,35
1466084085,1,12,5,25,34
1466084084,1,12,3,25,34
1466084083,1,12,3,25,34
1466084081,1,12,3,25,35
1466084080,1,11,4,25,35
1466084079,1,11,4,25,33
1466084078,1,12,4,24,32
1466084077,1,11,4,25,33
1466084076,1,13,2,24,36
1466084075,1,13,2,24,36
1466084074,1,13,3,24,35
1466084073,1,12,3,24,36
1466084072,1,12,4,24,35
1466084071,1,12,4,23,34
1466084070,1,13,3,23,34
1466084069,1,13,3,24,35
1466084068,1,14,3,23,34
1466084067,1,14,3,24,34
1466084066,1,12,3,25,35
1466084065,1,13,3,24,34
1466084064,1,15,2,25,35
1466084063,1,15,2,24,35
1466084062,1,15,4,23,33
1466084061,1,15,4,23,33
1466084060,1,14,4,24,34
1466084059,1,15,3,24,34
1466084058,1,14,4,24,32
1466084057,1,14,2,25,33
1466084056,1,13,3,26,34
1466084054,1,15,4,23,31
1466084053,1,13,3,24,32
1466084052,1,12,2,25,34
1466084051,1,12,2,25,34
1466084050,1,11,2,25,34
1466084049,2,18,17,18,19
1466084048,1,12,2,25,34
1466084047,1,12,1,26,34
1466084046,2,20,17,19,18
1466084045,2,19,16,19,19
1466084044,2,20,16,19,19
1466084043,2,18,17,18,18
1466084042,2,15,19,18,18
1466084041,2,20,17,18,19
1466084040,2,21,14,16,21
1466084039,2,21,14,16,22
1466084038,2,21,14,16,22
1466084037,2,21,14,16,22
1466084036,2,20,15,16,22
1466084035,2,22,16,16,22
1466084034,2,21,15,16,22
1466084033,2,17,15,14,14
1466084032,2,21,15,16,22
1466084031,2,20,15,15,15
1466084030,2,16,15,14,14
1466084029,2,17,15,14,14
1466084028,2,21,16,14,14
1466084027,2,21,16,15,15
1466084026,2,19,16,14,14
1466084025,2,22,17,14,14
1466084024,2,20,20,18,20
1466084023,2,20,20,17,19
1466084022,2,20,21,17,18
1466084021,2,18,21,17,18
1466084020,2,21,20,17,18
1466084019,2,23,19,12,13
1466084018,2,19,7,13,14
1466084017,2,20,6,12,13
1466084016,2,20,7,12,13
1466084015,2,16,11,12,13
1466084014,2,16,11,12,13
1466084013,2,20,21,16,18
1466084012,2,16,11,13,14
1466084011,2,20,21,16,19
1466084010,2,21,21,16,19
1466084009,2,20,21,16,19
1466084008,2,20,20,16,19
1466084007,2,20,21,16,20
1466084006,2,17,16,12,13
1466084005,2,21,20,15,19
1466084004,2,24,21,15,19
1466084003,2,24,22,13,13
1466084002,2,16,15,13,14
1466084001,2,16,15,13,13
1466084000,2,17,15,12,13
1466083999,2,14,16,12,12
1466083998,2,14,17,12,13
1466083997,2,13,16,13,13
1466083996,2,15,17,12,13
1466083995,2,20,18,15,19
1466083994,2,17,14,17,18
1466083993,2,23,19,14,19
1466083992,2,18,14,18,19
1466083991,2,16,14,18,18
1466083990,2,14,14,18,18
1466083989,2,16,15,17,17
1466083988,2,20,20,15,18
1466083987,2,21,19,15,18
1466083986,2,17,14,18,18
1466083985,2,16,14,18,17
1466083984,2,21,20,15,18
1466083983,2,17,14,18,18
1466083982,2,17,14,18,16
1466083981,2,21,20,15,19
1466083979,2,20,20,15,19
1466083978,2,23,18,16,18
1466083977,2,17,14,18,18
1466083976,2,24,19,15,18
1466083975,2,18,14,16,18
1466083974,2,25,20,14,17
1466083973,2,24,20,14,17
1466083972,2,24,20,14,17
1466083971,2,24,20,14,17
1466083970,2,24,20,14,17
1466083969,2,25,20,14,17
1466083968,2,26,18,15,18
1466083967,2,26,18,15,18
1466083966,2,10,0,27,41
1466083965,2,10,0,27,41
1466083964,2,9,0,29,42
1466083963,2,9,0,28,42
1466083962,2,10,1,26,40
1466083961,2,9,0,27,42
1466083960,2,10,0,27,41
1466083959,2,10,0,27,41
1466083958,2,10,1,26,40
1466083957,2,10,1,27,41
1466083956,2,10,1,27,41
1466083955,2,10,4,26,38
1466083954,2,9,2,27,40
1466083953,2,9,2,27,40
1466083952,2,10,2,27,40
1466083951,2,10,2,27,40
1466083950,2,9,1,28,41
1466083949,2,8,0,29,43
1466083948,2,12,1,28,41
1466083947,2,12,1,28,41
1466083946,2,13,1,28,41
1466083945,2,11,1,28,41
1466083944,2,11,1,29,41
1466083943,2,11,1,29,41
1466083942,2,11,1,28,41
1466083941,2,12,1,28,41
1466083940,2,12,2,26,39
1466083939,2,12,1,27,40
1466083938,2,11,1,28,42
1466083937,2,12,1,27,41
1466083936,2,11,3,28,40
1466083935,2,12,2,28,41
1466083934,2,13,4,26,38
1466083933,2,13,4,26,38
1466083932,2,13,2,27,39
1466083931,2,13,4,25,38
1466083930,2,12,3,26,39
1466083929,2,12,2,26,40
1466083928,2,12,2,26,41
1466083927,2,11,3,27,40
1466083926,2,11,3,27,40
1466083925,2,11,3,27,40
1466083924,2,9,5,26,39
1466083923,1,16,13,14,18
1466083922,2,10,3,28,41
1466083921,2,9,4,27,40
1466083920,1,17,15,14,18
1466083919,2,10,3,27,39
1466083918,2,9,3,28,41
1466083917,2,12,4,25,38
1466083916,2,12,4,25,38
1466083915,2,11,3,26,39
1466083914,1,15,13,14,17
1466083913,2,9,4,28,40
1466083912,2,9,4,28,40
1466083911,2,9,4,28,40
1466083910,1,14,12,14,18
1466083909,2,9,4,26,39
1466083908,2,8,4,28,40
1466083907,2,8,5,27,39
1466083906,1,18,17,14,17
1466083905,2,9,2,28,42
1466083904,2,9,3,27,41
1466083903,1,17,13,14,19
1466083902,1,17,13,14,18
1466083901,1,17,14,13,17
1466083900,1,16,14,13,17
1466083899,1,14,12,14,18
1466083898,1,14,12,14,18
1466083897,1,15,13,14,18
1466083896,1,15,13,15,18
1466083895,1,15,12,21,21
1466083894,1,16,13,20,20
1466083893,1,17,14,19,20
1466083892,1,17,14,18,20
1466083891,1,13,15,19,20
1466083890,1,18,11,18,23
1466083889,1,17,14,19,21
1466083888,1,16,12,22,23
1466083887,1,19,11,17,22
1466083886,1,18,9,18,24
1466083885,1,16,9,19,25
1466083884,1,18,11,19,24
1466083883,1,16,10,20,25
1466083882,1,14,10,21,26
1466083881,1,18,11,18,23
1466083880,1,13,17,22,28
1466083879,1,20,12,18,22
1466083878,1,18,12,17,22
1466083877,1,19,10,18,22
1466083876,1,18,10,18,23
1466083875,1,18,9,18,23
1466083874,1,18,8,19,24
1466083873,1,20,12,18,22
1466083872,1,18,9,19,23
1466083871,1,20,13,19,22
1466083870,1,20,14,20,22
1466083869,1,21,13,19,21
1466083868,1,23,13,18,22
1466083867,1,20,17,17,20
1466083866,1,19,16,17,20
1466083865,1,22,16,17,20
1466083864,1,20,14,18,22
1466083863,1,18,14,19,23
1466083862,1,16,13,19,24
1466083861,1,16,13,19,24
1466083860,1,16,13,19,24
1466083859,1,18,15,18,22
1466083858,1,17,14,18,23
1466083857,1,17,14,19,23
1466083856,1,17,11,19,21
1466083855,1,16,10,19,22
1466083854,1,15,10,19,22
1466083853,1,17,5,19,21
1466083852,1,15,3,19,21
1466083851,1,16,11,20,23
1466083850,1,17,9,20,24
1466083849,1,15,10,21,24
1466083848,1,16,10,20,23
1466083847,1,13,12,21,26
1466083846,1,13,12,21,26
1466083845,1,21,13,18,22
1466083844,1,21,11,19,23
1466083843,1,21,13,19,24
1466083842,1,20,12,18,23
1466083841,1,19,13,20,24
1466083840,1,19,13,19,23
1466083839,1,20,13,19,23
1466083838,1,19,11,20,26
1466083837,1,24,9,20,25
1466083836,1,20,7,20,25
1466083835,1,20,9,19,24
1466083834,1,20,10,20,26
1466083833,1,20,10,20,26
1466083832,1,21,9,19,24
1466083831,1,20,10,19,25
1466083830,1,21,10,18,24
1466083829,1,21,13,18,23
1466083828,1,21,9,18,23
1466083827,1,22,12,19,23
1466083826,1,21,8,19,24
1466083825,1,20,8,20,24
1466083824,1,18,10,21,24
1466083823,1,18,8,21,24
1466083821,1,19,10,21,24
1466083820,1,17,8,21,24
1466083819,1,17,4,22,22
1466083818,1,16,4,22,21
1466083817,1,17,4,21,22
1466083816,1,11,10,22,23
1466083815,1,15,7,22,23
1466083814,1,11,9,22,23
1466083813,1,9,9,21,22
1466083812,1,8,10,20,24
1466083811,1,10,9,20,24
1466083810,1,10,9,20,24
1466083809,1,20,13,17,23
1466083808,1,18,14,18,24
1466083807,1,22,11,17,23
1466083806,1,21,13,17,23
1466083805,1,21,14,18,24
1466083804,1,18,14,18,24
1466083803,1,20,12,18,24
1466083802,1,22,10,18,24
1466083801,1,18,10,18,25
1466083800,1,20,13,18,24
1466083799,1,20,13,18,25
1466083798,1,18,9,19,25
1466083797,1,22,8,18,24
1466083796,1,18,10,18,25
1466083795,1,22,11,17,21
1466083794,1,16,10,18,21
1466083793,1,16,10,18,21
1466083792,1,17,10,18,21
1466083791,1,16,10,18,21
1466083790,1,16,10,18,21
1466083789,1,14,11,18,21
1466083788,1,16,10,18,22
1466083787,1,16,10,18,22
1466083786,1,16,10,18,22
1466083785,1,16,9,18,22
1466083784,1,14,9,19,22
1466083783,1,15,8,19,23
1466083782,1,18,11,19,20
1466083781,1,19,11,19,20
1466083780,1,18,10,19,20
1466083779,1,18,11,19,20
1466083778,1,17,12,19,20
1466083777,1,17,11,19,20
1466083776,1,17,12,19,20
1466083775,1,17,12,19,22
1466083774,1,21,12,19,22
1466083773,1,18,12,18,21
1466083772,1,22,11,19,22
1466083771,1,17,10,19,22
1466083770,1,18,11,18,21
1466083769,1,22,11,18,21
1466083768,1,18,11,18,20
1466083767,1,13,14,17,20
1466083766,1,14,16,17,20
1466083765,1,18,16,17,20
1466083764,1,20,16,17,20
1466083763,1,16,15,17,20
1466083762,1,18,15,18,21
1466083761,1,19,15,18,21
1466083760,1,17,15,18,21
1466083759,1,15,14,17,20
1466083758,1,15,14,17,20
1466083757,1,18,9,20,25
1466083756,1,19,8,20,25
1466083755,1,16,9,20,25
1466083754,1,18,8,20,25
1466083753,1,16,14,17,22
1466083752,1,18,8,20,26
1466083751,1,15,9,19,25
1466083750,1,18,8,19,25
1466083749,1,16,8,20,26
1466083748,1,18,7,20,26
1466083747,1,15,2,21,27
1466083746,1,16,6,20,26
1466083745,1,14,4,21,27
1466083744,1,14,4,20,26
1466083743,1,16,10,19,20
1466083742,1,18,11,18,20
1466083741,1,18,12,19,20
1466083740,1,13,7,18,20
1466083739,1,19,12,19,20
1466083738,1,20,12,19,20
1466083737,1,14,10,19,20
1466083736,1,16,11,19,21
1466083735,1,14,6,19,21
1466083734,1,13,10,19,20
1466083733,1,13,10,19,20
1466083732,1,14,6,19,20
1466083731,1,15,9,20,27
1466083730,1,15,9,20,27
1466083729,1,18,12,18,23
1466083728,1,18,12,16,17
1466083727,1,15,8,17,18
1466083726,1,18,9,18,25
1466083725,1,17,6,18,26
1466083724,1,17,7,18,26
1466083723,1,17,6,18,26
1466083722,1,17,6,17,25
1466083721,1,12,12,16,22
1466083720,1,18,7,18,25
1466083719,1,18,6,18,25
1466083718,1,18,6,18,25
1466083717,1,13,12,16,23
1466083716,1,13,12,16,23
1466083715,1,13,12,16,23
1466083714,1,14,13,15,22
1466083713,1,10,13,16,23
1466083712,1,12,12,16,23
1466083711,1,14,16,15,19
1466083710,1,14,16,15,20
1466083708,1,8,15,15,20
1466083707,1,9,15,16,21
1466083706,1,8,14,16,21
1466083705,1,10,14,16,21
1466083704,1,21,9,25,23
1466083702,1,21,9,24,22
1466083701,1,20,11,23,21
1466083698,1,20,10,23,21
1466083697,1,16,8,23,24
1466083696,1,20,8,22,23
1466083695,1,18,11,23,23
1466083693,1,18,11,23,23
1466083692,1,14,10,23,24
1466083691,1,16,11,22,23
1466083690,1,27,18,15,19
1466083689,1,17,12,22,21
1466083688,1,15,12,24,24
1466083687,1,16,11,24,24
1466083685,1,18,14,18,21
1466083684,1,24,15,18,21
1466083682,1,24,17,17,20
1466083681,1,22,16,16,19
1466083680,1,21,15,17,19
1466083679,1,21,15,16,19
1466083678,1,22,16,17,20
1466083677,1,23,15,17,19
1466083676,1,22,16,17,20
1466083675,1,22,17,16,19
1466083674,1,22,17,16,18
1466083673,1,22,17,16,18
1466083672,1,22,17,16,18
1466083671,1,20,17,16,19
1466083670,1,22,18,15,16
1466083669,1,16,11,21,28
1466083668,1,16,11,21,28
1466083667,1,16,11,22,29
1466083666,1,16,11,22,29
1466083665,1,15,10,22,29
1466083664,1,15,11,22,29
1466083663,1,15,11,21,27
1466083662,1,15,11,21,28
1466083661,1,15,10,22,29
1466083660,1,15,10,22,29
1466083659,1,14,10,22,30
1466083658,1,14,9,23,30
1466083657,1,13,7,23,31
1466083656,1,14,9,23,30
1466083655,1,13,8,23,30
1466083654,1,14,9,22,30
1466083653,1,16,5,23,30
1466083652,1,16,5,23,30
1466083651,1,13,8,23,30
1466083650,1,15,3,24,32
1466083649,1,15,3,24,33
1466083648,1,16,4,24,32
1466083647,1,16,4,24,32
1466083646,1,16,4,24,33
1466083645,1,13,2,27,37
1466083644,1,13,3,26,35
1466083643,1,14,4,25,34
1466083642,1,13,3,25,34
1466083641,1,17,4,23,29
1466083640,1,16,7,23,29
1466083639,1,16,4,24,31
1466083638,1,16,5,24,31
1466083637,1,16,4,24,31
1466083636,1,15,7,24,31
1466083635,1,15,7,24,31
1466083634,1,15,7,25,32
1466083633,1,14,7,25,32
1466083632,1,14,7,26,33
1466083631,1,14,7,26,33
1466083630,1,10,7,25,32
1466083629,1,14,7,25,32
1466083628,1,15,7,25,32
1466083627,1,14,7,25,32
1466083626,1,9,7,25,32
1466083625,1,9,7,25,32
1466083624,1,8,6,25,32
1466083623,1,10,6,25,32
1466083622,1,9,7,24,31
1466083621,1,10,7,22,30
1466083620,1,9,6,23,31
1466083619,1,8,5,24,32
1466083618,1,10,7,23,31
1466083617,1,10,6,23,31
1466083616,1,9,6,24,32
1466083614,1,10,7,24,31
1466083613,1,9,7,24,31
1466083612,1,9,7,25,32
1466083611,1,9,7,24,31
1466083486,1,9,7,25,32
